asset_class,track,h=1,h=5,h=22
Equities (8),exploratory,DOMINATES (8/8) Â· best LogHAR (7/8) [QLIKE-best],DOMINATES (8/8) Â· best LogHAR (8/8) [QLIKE-best],DOMINATES (8/8) Â· best LogHAR (8/8) [QLIKE-best]
Crypto: 4 coins,exploratory,DOMINATES (4/4) Â· best LogHAR [min avg-rank],DOMINATES (4/4) Â· best LogHAR [min avg-rank],DOMINATES (4/4) Â· best LogHAR [min avg-rank]
Crypto: 22 coins,confirmatory,DOMINATES 19/22 Â· competitive: FTTâ†’RW Â· competitive: LUNAâ†’RW Â· competitive: XRPâ†’AR1Log Â· best LogHAR-CJ (12/22),DOMINATES 19/22 Â· competitive: DOGEâ†’EWMA Â· competitive: FTTâ†’AR1Log Â· competitive: LUNAâ†’AR1Log Â· best LogHAR-CJ (13/22),DOMINATES 18/22 Â· competitive: DOGEâ†’EWMA Â· competitive: FTTâ†’HistMean Â· competitive: LUNAâ†’HistMean Â· competitive: SOLâ†’GBRT Â· best LogHAR-CJ (10/22)
Futures: rates (FV/TY),confirmatory,DOMINATES (2/2) Â· best LogHAR-CJ (2/2),DOMINATES (2/2) Â· best LogHAR-CJ (2/2),DOMINATES (2/2) Â· best LogHAR-CJ (2/2)
Futures: commodity (8),confirmatory,DOMINATES 7/8 Â· competitive: Sâ†’GBRT Â· best LogHAR-CJ (4/8),DOMINATES (8/8) Â· best LogHAR-CJ (5/8),DOMINATES 7/8 Â· DEGRADE: GCâ†’EWMA Â· best LogHAR-CJ (3/8) Â· HAR-fam MCS 7/8
Futures: equity-index (ES/NQ),confirmatory,DOMINATES (2/2) Â· best LogSHAR (2/2),DOMINATES (2/2) Â· best LogSHAR (2/2),DOMINATES (2/2) Â· best LogSHAR (2/2)
Futures: fx (EU),confirmatory,DOMINATES (1/1) Â· best LogHAR-CJ (1/1),DOMINATES (1/1) Â· best LogHAR-CJ (1/1),DOMINATES (1/1) Â· best LogHAR-CJ (1/1)
Futures: all (13),confirmatory,DOMINATES 12/13 Â· competitive: Sâ†’GBRT Â· best LogHAR-CJ (7/13),DOMINATES (13/13) Â· best LogHAR-CJ (8/13),DOMINATES 12/13 Â· DEGRADE: GCâ†’EWMA Â· best LogHAR-CJ (6/13) Â· HAR-fam MCS 12/13
FX: major (7),confirmatory,DOMINATES 6/7 Â· competitive: USDCHFâ†’AR1Log Â· best LogHAR-CJ (6/7),DOMINATES (7/7) Â· best LogHAR-CJ (5/7),DOMINATES (7/7) Â· best LogHAR-CJ (4/7)
FX: secondary/EM (6),confirmatory,DOMINATES (6/6) Â· best LogHAR-CJ (4/6),DOMINATES (6/6) Â· best LogHAR-CJ (4/6),DOMINATES (6/6) Â· best LogHAR-CJ (4/6)
FX: all (13),confirmatory,DOMINATES 12/13 Â· competitive: USDCHFâ†’AR1Log Â· best LogHAR-CJ (10/13),DOMINATES (13/13) Â· best LogHAR-CJ (9/13),DOMINATES (13/13) Â· best LogHAR-CJ (8/13)
